t_b15_490_137_.png,1
t_b15_352_94_.png,1
t_b12_45_514_.png,1
t_b10_375_187_.png,1
t_b15_462_116_.png,1
t_b5_225_391_.png,1
t_b15_509_150_.png,1
t_b10_247_264_.png,1
t_b12_92_521_.png,1
t_b12_219_251_.png,1
t_b15_473_118_.png,1
t_b15_422_68_.png,1
t_b4_120_476_.png,1
t_b7_301_92_.png,1
t_b6_245_321_.png,1
t_b10_231_278_.png,1
t_b12_51_527_.png,1
t_b13_125_525_.png,1
t_b12_185_251_.png,1
t_b12_218_240_.png,1
t_b15_462_127_.png,1
t_b5_213_383_.png,1
t_b13_80_531_.png,1
t_b12_181_251_.png,1
t_b15_328_50_.png,1
t_b13_90_514_.png,1
t_b15_512_118_.png,1
t_b15_502_138_.png,1
t_b15_423_63_.png,1
t_b5_203_397_.png,1
t_b15_427_151_.png,1
t_b12_93_572_.png,1
t_b15_465_82_.png,1
t_b6_234_319_.png,1
t_b15_429_53_.png,1
t_b7_107_221_.png,1
t_b12_208_227_.png,1
t_b14_422_258_.png,1
t_b15_482_85_.png,1
t_b3_93_355_.png,1
t_b15_333_109_.png,1
t_b15_439_143_.png,1
t_b13_17_504_.png,1
t_b5_222_390_.png,1
t_b12_69_511_.png,1
t_b12_122_543_.png,1
t_b15_461_73_.png,1
t_b15_354_83_.png,1
t_b5_223_388_.png,1
t_b12_106_533_.png,1
t_b5_207_386_.png,1
t_b15_412_109_.png,1
t_b10_251_231_.png,1
t_b15_316_79_.png,1
t_b12_69_536_.png,1
t_b10_389_189_.png,1
t_b13_214_260_.png,1
t_b15_358_105_.png,1
t_b15_497_129_.png,1
t_b15_517_115_.png,1
t_b15_500_128_.png,1
t_b10_263_227_.png,1
t_b15_458_130_.png,1
t_b10_250_266_.png,1
t_b15_462_113_.png,1
t_b15_353_72_.png,1
t_b10_262_256_.png,1
t_b12_56_537_.png,1
t_b15_427_147_.png,1
t_b15_444_67_.png,1
t_b15_469_130_.png,1
t_b15_417_122_.png,1
t_b5_210_377_.png,1
t_b15_482_34_.png,1
t_b12_47_529_.png,1
t_b12_233_230_.png,1
t_b15_462_88_.png,1
t_b15_512_102_.png,1
t_b8_104_49_.png,1
t_b12_44_521_.png,1
t_b12_98_525_.png,1
t_b15_331_163_.png,1
t_b15_357_101_.png,1
t_b15_483_132_.png,1
t_b12_236_219_.png,1
t_b5_207_393_.png,1
t_b7_293_86_.png,1
t_b12_44_539_.png,1
t_b8_122_38_.png,1
t_b12_18_552_.png,1
t_b10_421_164_.png,1
t_b15_344_72_.png,1
t_b7_110_215_.png,1
t_b15_349_112_.png,1
t_b7_298_87_.png,1
t_b15_499_79_.png,1
t_b10_243_257_.png,1
t_b7_110_219_.png,1
t_b15_464_111_.png,1
t_b4_121_490_.png,1
t_b12_243_234_.png,1
t_b12_211_246_.png,1
t_b10_272_256_.png,1
t_b15_474_105_.png,1
t_b12_55_537_.png,1
t_b10_269_235_.png,1
t_b7_295_88_.png,1
t_b4_132_473_.png,1
t_b5_224_386_.png,1
t_b15_480_97_.png,1
t_b12_28_582_.png,1
t_b7_114_215_.png,1
t_b10_403_190_.png,1
t_b4_140_480_.png,1
t_b12_182_250_.png,1
t_b15_504_155_.png,1
t_b10_272_259_.png,1
t_b15_523_110_.png,1
t_b5_216_405_.png,1
t_b15_476_103_.png,1
t_b3_93_361_.png,1
t_b10_406_193_.png,1
t_b5_209_401_.png,1
t_b12_102_533_.png,1
t_b15_523_108_.png,1
t_b10_214_244_.png,1
t_b15_349_146_.png,1
t_b12_47_511_.png,1
t_b15_459_48_.png,1
t_b12_25_557_.png,1
t_b10_238_275_.png,1
t_b12_69_509_.png,1
t_b15_458_141_.png,1
t_b14_420_255_.png,1
t_b5_213_393_.png,1
t_b10_369_191_.png,1
t_b10_434_170_.png,1
t_b12_190_249_.png,1
t_b15_464_123_.png,1
t_b15_486_101_.png,1
t_b1_172_473_.png,1
t_b15_513_101_.png,1
t_b10_424_172_.png,1
t_b10_236_238_.png,1
t_b10_235_238_.png,1
t_b15_490_138_.png,1
t_b5_208_385_.png,1
t_b8_123_41_.png,1
t_b12_184_249_.png,1
t_b7_295_90_.png,1
t_b10_241_273_.png,1
t_b3_93_360_.png,1
t_b15_440_78_.png,1
t_b14_426_256_.png,1
t_b15_479_100_.png,1
t_b15_465_150_.png,1
t_b10_422_169_.png,1
t_b12_56_510_.png,1
t_b15_508_151_.png,1
t_b15_357_106_.png,1
t_b12_68_508_.png,1
t_b10_421_179_.png,1
t_b12_212_249_.png,1
t_b15_463_126_.png,1
t_b7_123_208_.png,1
t_b12_182_246_.png,1
t_b15_493_124_.png,1
t_b13_61_511_.png,1
t_b15_469_105_.png,1
t_b12_35_558_.png,1
t_b12_92_537_.png,1
t_b12_187_242_.png,1
t_b15_482_115_.png,1
t_b15_480_94_.png,1
t_b12_225_245_.png,1
t_b10_241_258_.png,1
t_b12_53_526_.png,1
t_b15_485_90_.png,1
t_b15_468_128_.png,1
t_b12_88_523_.png,1
t_b7_128_210_.png,1
t_b7_111_214_.png,1
t_b15_473_125_.png,1
t_b15_472_119_.png,1
t_b15_292_150_.png,1
t_b7_296_87_.png,1
t_b12_47_534_.png,1
t_b11_233_271_.png,1
t_b15_288_128_.png,1
t_b12_201_239_.png,1
t_b4_113_480_.png,1
t_b10_274_229_.png,1
t_b15_360_68_.png,1
t_b4_132_492_.png,1
t_b15_483_34_.png,1
t_b10_221_277_.png,1
t_b5_210_386_.png,1
t_b5_209_385_.png,1
t_b12_32_581_.png,1
t_b12_93_522_.png,1
t_b9_164_74_.png,1
t_b7_295_87_.png,1
t_b4_123_492_.png,1
t_b15_489_137_.png,1
t_b10_241_257_.png,1
t_b15_353_94_.png,1
t_b15_309_160_.png,1
t_b15_465_87_.png,1
t_b2_217_326_.png,1
t_b12_24_557_.png,1
t_b12_54_577_.png,1
t_b12_18_530_.png,1
t_b15_465_106_.png,1
t_b12_86_529_.png,1
t_b15_340_129_.png,1
t_b12_71_509_.png,1
t_b15_348_89_.png,1
t_b15_337_144_.png,1
t_b15_357_135_.png,1
t_b15_476_93_.png,1
t_b3_36_332_.png,1
t_b15_482_102_.png,1
t_b15_336_76_.png,1
t_b15_291_160_.png,1
t_b15_358_71_.png,1
t_b10_236_276_.png,1
t_b12_94_530_.png,1
t_b15_484_92_.png,1
t_b10_423_173_.png,1
t_b12_23_558_.png,1
t_b15_520_98_.png,1
t_b15_481_100_.png,1
t_b15_493_116_.png,1
t_b3_40_348_.png,1
t_b15_484_103_.png,1
t_b15_474_100_.png,1
t_b12_182_247_.png,1
t_b12_247_237_.png,1
t_b15_303_62_.png,1
t_b12_68_511_.png,1
t_b15_275_127_.png,1
t_b15_506_153_.png,1
t_b4_118_491_.png,1
t_b15_465_127_.png,1
t_b15_460_141_.png,1
t_b15_488_137_.png,1
t_b15_416_96_.png,1
t_b12_107_530_.png,1
t_b5_212_405_.png,1
t_b8_108_41_.png,1
t_b15_461_31_.png,1
t_b10_386_179_.png,1
t_b15_353_63_.png,1
t_b12_183_273_.png,1
t_b7_291_91_.png,1
t_b15_294_56_.png,1
t_b10_276_234_.png,1
t_b3_64_348_.png,1
t_b12_90_534_.png,1
t_b5_213_396_.png,1
t_b15_478_109_.png,1
t_b10_242_259_.png,1
t_b6_134_476_.png,1
t_b12_193_235_.png,1
t_b15_474_83_.png,1
t_b15_458_139_.png,1
t_b12_94_583_.png,1
t_b12_65_511_.png,1
t_b10_278_236_.png,1
t_b15_448_99_.png,1
t_b12_23_580_.png,1
t_b12_55_539_.png,1
t_b12_56_512_.png,1
t_b4_105_481_.png,1
t_b10_260_250_.png,1
t_b8_98_45_.png,1
t_b15_275_114_.png,1
t_b15_522_108_.png,1
t_b15_358_132_.png,1
t_b5_203_396_.png,1
t_b15_352_70_.png,1
t_b2_251_222_.png,1
t_b15_462_143_.png,1
t_b15_480_95_.png,1
t_b7_117_217_.png,1
t_b12_83_570_.png,1
t_b12_65_510_.png,1
t_b4_117_486_.png,1
t_b15_506_138_.png,1
t_b15_486_150_.png,1
t_b10_237_277_.png,1
t_b15_308_161_.png,1
t_b15_482_106_.png,1
t_b12_47_535_.png,1
t_b15_287_106_.png,1
t_b12_64_513_.png,1
t_b11_228_269_.png,1
t_b15_499_130_.png,1
t_b15_491_97_.png,1
t_b12_181_272_.png,1
t_b8_115_50_.png,1
t_b15_509_147_.png,1
t_b15_470_103_.png,1
t_b15_488_135_.png,1
t_b15_446_78_.png,1
t_b15_345_96_.png,1
t_b15_483_103_.png,1
t_b15_483_104_.png,1
t_b15_455_130_.png,1
t_b15_454_76_.png,1
t_b15_471_50_.png,1
t_b12_100_527_.png,1
t_b12_38_536_.png,1
t_b12_56_538_.png,1
t_b10_237_246_.png,1
t_b12_188_236_.png,1
t_b15_507_61_.png,1
t_b15_464_122_.png,1
t_b15_277_90_.png,1
t_b4_134_492_.png,1
t_b10_209_248_.png,1
t_b15_351_62_.png,1
t_b10_371_186_.png,1
t_b7_113_212_.png,1
t_b15_481_71_.png,1
t_b10_239_252_.png,1
t_b12_230_231_.png,1
t_b15_461_127_.png,1
t_b12_235_253_.png,1
t_b5_201_398_.png,1
t_b12_227_229_.png,1
t_b15_358_135_.png,1
t_b15_421_69_.png,1
t_b3_89_342_.png,1
t_b15_476_37_.png,1
t_b1_164_473_.png,1
t_b15_460_113_.png,1
t_b15_277_87_.png,1
t_b15_329_106_.png,1
t_b10_210_248_.png,1
t_b2_246_220_.png,1
t_b12_219_262_.png,1
t_b15_316_85_.png,1
t_b2_252_224_.png,1
t_b15_358_136_.png,1
t_b15_482_92_.png,1
t_b15_507_60_.png,1
t_b15_475_97_.png,1
t_b12_184_271_.png,1
t_b9_164_81_.png,1
t_b12_120_544_.png,1
t_b10_420_164_.png,1
t_b15_347_130_.png,1
t_b15_492_98_.png,1
t_b15_465_140_.png,1
t_b12_120_553_.png,1
t_b15_305_70_.png,1
t_b12_181_270_.png,1
t_b15_462_125_.png,1
t_b7_106_224_.png,1
t_b12_50_548_.png,1
t_b12_109_553_.png,1
t_b15_459_51_.png,1
t_b15_416_92_.png,1
t_b12_22_557_.png,1
t_b15_465_109_.png,1
t_b15_426_52_.png,1
t_b12_64_508_.png,1
t_b7_111_216_.png,1
t_b15_474_89_.png,1
t_b12_204_231_.png,1
t_b10_272_258_.png,1
t_b15_471_103_.png,1
t_b12_57_512_.png,1
t_b15_489_98_.png,1
t_b15_469_32_.png,1
t_b12_45_549_.png,1
t_b14_422_255_.png,1
t_b10_418_178_.png,1
t_b5_223_393_.png,1
t_b15_278_108_.png,1
t_b15_309_105_.png,1
t_b15_479_92_.png,1
t_b3_72_343_.png,1
t_b13_83_529_.png,1
t_b15_431_96_.png,1
t_b13_94_517_.png,1
t_b15_298_123_.png,1
t_b13_205_253_.png,1
t_b12_45_527_.png,1
t_b12_75_572_.png,1
t_b12_39_545_.png,1
t_b10_389_166_.png,1
t_b12_49_536_.png,1
t_b10_276_235_.png,1
t_b5_206_385_.png,1
t_b15_461_120_.png,1
t_b10_420_165_.png,1
t_b15_282_85_.png,1
t_b12_232_246_.png,1
t_b15_302_56_.png,1
t_b15_424_68_.png,1
t_b15_495_164_.png,1
t_b12_245_247_.png,1
t_b12_90_524_.png,1
t_b15_419_68_.png,1
t_b12_236_251_.png,1
t_b2_246_206_.png,1
t_b15_356_99_.png,1
t_b4_123_490_.png,1
t_b11_237_275_.png,1
t_b15_485_93_.png,1
t_b15_512_101_.png,1
t_b15_418_108_.png,1
t_b15_273_83_.png,1
t_b15_491_156_.png,1
t_b15_464_105_.png,1
t_b10_422_163_.png,1
t_b15_499_117_.png,1
t_b12_59_513_.png,1
t_b15_468_88_.png,1
t_b15_453_125_.png,1
t_b4_134_493_.png,1
t_b10_363_184_.png,1
t_b10_210_249_.png,1
t_b15_497_135_.png,1
t_b15_343_98_.png,1
t_b12_267_227_.png,1
t_b15_415_133_.png,1
t_b15_360_103_.png,1
t_b12_70_513_.png,1
t_b10_272_228_.png,1
t_b15_427_150_.png,1
t_b10_378_192_.png,1
t_b15_490_136_.png,1
t_b12_189_254_.png,1
t_b15_480_98_.png,1
t_b15_480_100_.png,1
t_b12_33_543_.png,1
t_b11_236_269_.png,1
t_b15_362_109_.png,1
t_b12_233_246_.png,1
t_b7_306_89_.png,1
t_b12_28_563_.png,1
t_b12_46_527_.png,1
t_b12_20_557_.png,1
t_b12_212_250_.png,1
t_b5_204_392_.png,1
t_b12_103_532_.png,1
t_b15_460_46_.png,1
t_b15_361_106_.png,1
t_b15_305_43_.png,1
t_b15_411_92_.png,1
t_b5_210_385_.png,1
t_b15_488_98_.png,1
t_b4_134_494_.png,1
t_b15_460_140_.png,1
t_b12_54_533_.png,1
t_b4_124_472_.png,1
t_b7_112_213_.png,1
t_b5_225_394_.png,1
t_b15_281_87_.png,1
t_b10_430_170_.png,1
t_b12_27_544_.png,1
t_b15_357_130_.png,1
t_b12_185_244_.png,1
t_b4_102_493_.png,1
t_b12_45_526_.png,1
t_b12_87_523_.png,1
t_b15_411_105_.png,1
t_b5_213_395_.png,1
t_b11_239_273_.png,1
t_b14_432_245_.png,1
t_b15_335_141_.png,1
t_b15_357_100_.png,1
t_b15_484_113_.png,1
t_b10_369_187_.png,1
t_b10_253_257_.png,1
t_b15_357_97_.png,1
t_b15_464_151_.png,1
t_b8_119_38_.png,1
t_b7_296_84_.png,1
t_b10_269_255_.png,1
t_b15_485_120_.png,1
t_b13_110_535_.png,1
t_b4_131_491_.png,1
t_b12_54_535_.png,1
t_b10_224_266_.png,1
t_b15_460_107_.png,1
t_b3_72_346_.png,1
t_b5_215_391_.png,1
t_b8_122_37_.png,1
t_b12_80_578_.png,1
t_b12_219_240_.png,1
t_b10_223_255_.png,1
t_b15_462_46_.png,1
t_b10_384_175_.png,1
t_b13_23_529_.png,1
t_b15_352_99_.png,1
t_b4_129_490_.png,1
t_b15_357_136_.png,1
t_b6_236_315_.png,1
t_b15_524_116_.png,1
t_b15_453_94_.png,1
t_b12_241_241_.png,1
t_b15_482_104_.png,1
t_b15_330_84_.png,1
t_b15_356_112_.png,1
t_b7_111_220_.png,1
t_b13_15_495_.png,1
t_b15_325_138_.png,1
t_b15_358_115_.png,1
t_b12_90_574_.png,1
t_b15_453_117_.png,1
t_b12_187_254_.png,1
t_b10_369_188_.png,1
t_b10_233_263_.png,1
t_b10_388_164_.png,1
t_b10_261_227_.png,1
t_b12_230_229_.png,1
t_b15_354_63_.png,1
t_b15_490_106_.png,1
t_b12_51_534_.png,1
t_b10_249_267_.png,1
t_b12_49_541_.png,1
t_b12_44_533_.png,1
t_b10_237_238_.png,1
t_b15_474_84_.png,1
t_b7_108_221_.png,1
t_b3_58_329_.png,1
t_b15_314_165_.png,1
t_b15_349_78_.png,1
t_b10_266_250_.png,1
t_b7_119_210_.png,1
t_b15_336_141_.png,1
t_b2_251_214_.png,1
t_b15_411_91_.png,1
t_b15_457_147_.png,1
t_b7_127_211_.png,1
t_b15_450_74_.png,1
t_b4_143_489_.png,1
t_b15_361_69_.png,1
t_b15_461_99_.png,1
t_b15_461_93_.png,1
t_b12_252_248_.png,1
t_b15_484_104_.png,1
t_b7_114_218_.png,1
t_b15_465_81_.png,1
t_b12_72_576_.png,1
t_b15_500_131_.png,1
t_b15_349_85_.png,1
t_b15_351_90_.png,1
t_b10_387_173_.png,1
t_b12_51_526_.png,1
t_b13_22_516_.png,1
t_b4_109_498_.png,1
t_b15_482_98_.png,1
t_b4_114_474_.png,1
t_b10_241_259_.png,1
t_b15_336_54_.png,1
t_b12_46_538_.png,1
t_b12_68_512_.png,1
t_b4_137_493_.png,1
t_b12_87_533_.png,1
t_b15_457_118_.png,1
t_b12_95_523_.png,1
t_b12_66_518_.png,1
t_b12_229_228_.png,1
t_b15_325_53_.png,1
t_b15_283_85_.png,1
t_b15_336_150_.png,1
t_b3_64_344_.png,1
t_b15_464_73_.png,1
t_b15_468_96_.png,1
t_b15_304_101_.png,1
t_b10_361_185_.png,1
t_b15_348_106_.png,1
t_b10_365_186_.png,1
t_b15_479_101_.png,1
t_b15_345_95_.png,1
t_b13_19_494_.png,1
t_b10_262_225_.png,1
t_b12_226_245_.png,1
t_b15_418_65_.png,1
t_b12_25_524_.png,1
t_b13_16_495_.png,1
t_b15_348_85_.png,1
t_b12_50_528_.png,1
t_b10_268_227_.png,1
t_b7_290_90_.png,1
t_b12_110_546_.png,1
t_b15_467_98_.png,1
t_b15_522_125_.png,1
t_b7_285_120_.png,1
t_b10_368_190_.png,1
t_b15_350_87_.png,1
t_b12_47_539_.png,1
t_b15_412_110_.png,1
t_b10_230_270_.png,1
t_b10_266_226_.png,1
t_b15_470_131_.png,1
t_b10_420_166_.png,1
t_b15_296_150_.png,1
t_b15_491_108_.png,1
t_b14_422_257_.png,1
t_b12_187_239_.png,1
t_b12_15_554_.png,1
t_b15_315_152_.png,1
t_b12_63_511_.png,1
t_b15_469_90_.png,1
t_b5_206_402_.png,1
t_b15_477_108_.png,1
t_b12_110_545_.png,1
t_b3_66_347_.png,1
t_b15_516_81_.png,1
t_b13_31_492_.png,1
t_b10_421_172_.png,1
t_b12_233_245_.png,1
t_b3_35_322_.png,1
t_b15_304_43_.png,1
t_b12_242_242_.png,1
t_b15_348_92_.png,1
t_b15_474_73_.png,1
t_b10_219_247_.png,1
t_b15_310_132_.png,1
t_b15_298_134_.png,1
t_b10_360_186_.png,1
t_b15_468_75_.png,1
t_b5_224_391_.png,1
t_b12_230_227_.png,1
t_b3_73_351_.png,1
t_b12_93_577_.png,1
t_b15_340_137_.png,1
t_b12_89_521_.png,1
t_b12_44_538_.png,1
t_b15_517_80_.png,1
t_b15_303_44_.png,1
t_b13_206_252_.png,1
t_b15_345_111_.png,1
t_b15_472_102_.png,1
t_b12_45_539_.png,1
t_b15_475_101_.png,1
t_b3_76_350_.png,1
t_b15_478_99_.png,1
t_b7_284_119_.png,1
t_b11_254_268_.png,1
t_b15_504_50_.png,1
t_b15_460_124_.png,1
t_b15_284_93_.png,1
t_b15_471_125_.png,1
t_b10_376_190_.png,1
t_b15_362_117_.png,1
t_b10_245_257_.png,1
t_b13_18_522_.png,1
t_b15_274_81_.png,1
t_b15_362_70_.png,1
t_b5_221_396_.png,1
t_b12_65_559_.png,1
t_b10_277_240_.png,1
t_b15_423_69_.png,1
t_b12_21_558_.png,1
t_b15_465_113_.png,1
t_b10_274_260_.png,1
t_b10_216_243_.png,1
t_b15_489_133_.png,1
t_b4_131_473_.png,1
t_b15_461_50_.png,1
t_b12_181_247_.png,1
t_b12_190_246_.png,1
t_b12_49_537_.png,1
t_b11_244_270_.png,1
t_b7_302_92_.png,1
t_b5_202_401_.png,1
t_b12_19_568_.png,1
t_b12_102_530_.png,1
t_b12_90_573_.png,1
t_b12_209_259_.png,1
t_b15_416_129_.png,1
t_b12_215_228_.png,1
t_b14_427_256_.png,1
t_b11_239_272_.png,1
t_b5_206_401_.png,1
t_b15_481_93_.png,1
t_b12_50_527_.png,1
t_b15_356_136_.png,1
t_b15_460_51_.png,1
t_b12_47_531_.png,1
t_b15_415_112_.png,1
t_b15_471_129_.png,1
t_b13_15_525_.png,1
t_b10_402_185_.png,1
t_b15_417_111_.png,1
t_b10_361_186_.png,1
t_b15_472_76_.png,1
t_b3_40_320_.png,1
t_b13_33_497_.png,1
t_b7_115_214_.png,1
t_b15_429_54_.png,1
t_b10_248_239_.png,1
t_b15_418_118_.png,1
t_b10_264_225_.png,1
t_b12_45_533_.png,1
t_b15_457_139_.png,1
t_b10_251_266_.png,1
t_b5_218_390_.png,1
t_b15_461_119_.png,1
t_b15_352_108_.png,1
t_b12_86_522_.png,1
t_b10_241_274_.png,1
t_b15_471_111_.png,1
t_b12_213_249_.png,1
t_b4_108_479_.png,1
t_b4_126_492_.png,1
t_b15_412_108_.png,1
t_b12_17_555_.png,1
t_b12_22_565_.png,1
t_b15_322_140_.png,1
t_b15_446_135_.png,1
t_b3_72_345_.png,1
t_b7_111_213_.png,1
t_b12_181_246_.png,1
t_b15_464_113_.png,1
t_b12_66_520_.png,1
t_b4_124_486_.png,1
t_b11_233_272_.png,1
t_b15_507_144_.png,1
t_b5_224_387_.png,1
t_b12_266_228_.png,1
t_b12_230_247_.png,1
t_b10_268_246_.png,1
t_b15_348_87_.png,1
t_b7_281_115_.png,1
t_b6_232_325_.png,1
t_b12_99_532_.png,1
t_b12_185_271_.png,1
t_b15_469_31_.png,1
t_b5_215_385_.png,1
t_b12_255_218_.png,1
t_b12_18_570_.png,1
t_b10_222_242_.png,1
t_b3_36_321_.png,1
t_b12_69_553_.png,1
t_b12_78_546_.png,1
t_b15_358_67_.png,1
t_b3_59_347_.png,1
t_b7_111_222_.png,1
t_b15_462_86_.png,1
t_b12_48_531_.png,1
t_b15_487_114_.png,1
t_b15_290_103_.png,1
t_b7_295_89_.png,1
t_b13_125_524_.png,1
t_b15_465_110_.png,1
t_b15_490_103_.png,1
t_b12_190_237_.png,1
t_b15_466_84_.png,1
t_b2_251_221_.png,1
t_b15_327_116_.png,1
t_b12_261_226_.png,1
t_b12_32_545_.png,1
t_b14_418_241_.png,1
t_b15_433_139_.png,1
t_b15_284_134_.png,1
t_b15_326_160_.png,1
t_b15_319_159_.png,1
t_b10_252_247_.png,1
t_b15_444_103_.png,1
t_b15_517_78_.png,1
t_b15_337_106_.png,1
t_b15_465_151_.png,1
t_b10_231_245_.png,1
t_b3_38_323_.png,1
t_b8_102_46_.png,1
t_b10_385_182_.png,1
t_b15_317_57_.png,1
t_b12_18_569_.png,1
t_b12_80_566_.png,1
t_b12_41_543_.png,1
t_b10_266_240_.png,1
t_b15_486_132_.png,1
t_b15_297_139_.png,1
t_b3_59_330_.png,1
t_b15_491_119_.png,1
t_b15_502_120_.png,1
t_b10_239_269_.png,1
t_b15_317_119_.png,1
t_b12_54_547_.png,1
t_b15_470_97_.png,1
t_b12_262_234_.png,1
t_b10_238_265_.png,1
t_b15_336_67_.png,1
t_b15_486_116_.png,1
t_b10_277_235_.png,1
t_b12_36_545_.png,1
t_b15_438_63_.png,1
t_b15_476_32_.png,1
t_b12_230_235_.png,1
t_b15_313_113_.png,1
t_b15_284_73_.png,1
t_b10_262_238_.png,1
t_b12_90_562_.png,1
t_b3_71_335_.png,1
t_b15_292_161_.png,1
t_b15_344_138_.png,1
t_b13_216_248_.png,1
t_b12_211_228_.png,1
t_b15_498_93_.png,1
t_b15_277_84_.png,1
t_b15_288_124_.png,1
t_b15_498_46_.png,1
t_b15_497_71_.png,1
t_b10_417_184_.png,1
t_b13_85_536_.png,1
t_b15_337_157_.png,1
t_b12_65_552_.png,1
t_b15_491_151_.png,1
t_b15_422_90_.png,1
t_b10_418_157_.png,1
t_b14_444_237_.png,1
t_b15_417_125_.png,1
t_b4_134_485_.png,1
t_b15_479_46_.png,1
t_b15_346_100_.png,1
t_b9_173_83_.png,1
t_b6_234_325_.png,1
t_b12_195_227_.png,1
t_b15_451_78_.png,1
t_b12_80_570_.png,1
t_b12_104_563_.png,1
t_b12_40_539_.png,1
t_b10_401_193_.png,1
t_b10_390_174_.png,1
t_b15_346_107_.png,1
t_b13_24_525_.png,1
t_b10_221_243_.png,1
t_b15_312_123_.png,1
t_b15_314_94_.png,1
t_b15_297_136_.png,1
t_b12_40_575_.png,1
t_b12_226_250_.png,1
t_b15_480_78_.png,1
t_b10_236_258_.png,1
t_b12_118_543_.png,1
t_b12_103_582_.png,1
t_b14_426_230_.png,1
t_b15_298_115_.png,1
t_b4_130_492_.png,1
t_b5_205_395_.png,1
t_b15_468_110_.png,1
t_b15_431_80_.png,1
t_b15_298_109_.png,1
t_b15_489_113_.png,1
t_b15_462_41_.png,1
t_b8_122_52_.png,1
t_b15_502_107_.png,1
t_b15_280_85_.png,1
t_b15_435_128_.png,1
t_b12_66_511_.png,1
t_b15_500_95_.png,1
t_b15_442_102_.png,1
t_b15_419_57_.png,1
t_b12_114_540_.png,1
t_b10_240_264_.png,1
t_b12_105_563_.png,1
t_b15_504_144_.png,1
t_b13_45_516_.png,1
t_b10_420_169_.png,1
t_b15_443_145_.png,1
t_b12_107_540_.png,1
t_b15_302_115_.png,1
t_b10_383_180_.png,1
t_b13_17_527_.png,1
t_b6_215_289_.png,1
t_b15_335_86_.png,1
t_b15_341_53_.png,1
t_b12_55_532_.png,1
t_b15_351_65_.png,1
t_b9_173_78_.png,1
t_b15_283_135_.png,1
t_b15_306_121_.png,1
t_b12_84_557_.png,1
t_b15_304_118_.png,1
t_b15_499_49_.png,1
t_b15_450_115_.png,1
t_b15_329_58_.png,1
t_b15_331_80_.png,1
t_b15_456_37_.png,1
t_b15_435_64_.png,1
t_b15_435_150_.png,1
t_b3_77_335_.png,1
t_b15_477_68_.png,1
t_b12_113_567_.png,1
t_b15_274_103_.png,1
t_b15_438_152_.png,1
t_b3_41_335_.png,1
t_b15_297_96_.png,1
t_b12_24_539_.png,1
t_b15_461_43_.png,1
t_b15_512_87_.png,1
t_b10_248_256_.png,1
t_b12_220_257_.png,1
t_b15_304_128_.png,1
t_b15_453_90_.png,1
t_b15_337_79_.png,1
t_b15_483_54_.png,1
t_b12_221_234_.png,1
t_b15_284_126_.png,1
t_b10_408_173_.png,1
t_b12_45_531_.png,1
t_b12_66_559_.png,1
t_b12_111_542_.png,1
t_b15_444_153_.png,1
t_b10_263_228_.png,1
t_b15_497_109_.png,1
t_b15_346_136_.png,1
t_b5_210_387_.png,1
t_b3_64_352_.png,1
t_b15_495_81_.png,1
t_b14_411_243_.png,1
t_b10_222_254_.png,1
t_b15_294_50_.png,1
t_b10_399_183_.png,1
t_b15_322_65_.png,1
t_b15_306_93_.png,1
t_b13_25_497_.png,1
t_b15_475_89_.png,1
t_b15_470_109_.png,1
t_b15_489_96_.png,1
t_b3_67_340_.png,1
t_b15_459_66_.png,1
t_b2_252_225_.png,1
t_b15_459_101_.png,1
t_b15_287_59_.png,1
t_b15_312_129_.png,1
t_b15_441_67_.png,1
t_b15_341_52_.png,1
t_b15_308_80_.png,1
t_b15_459_57_.png,1
t_b15_424_76_.png,1
t_b13_33_524_.png,1
t_b15_353_108_.png,1
t_b12_264_237_.png,1
t_b15_288_105_.png,1
t_b15_446_81_.png,1
t_b13_24_494_.png,1
t_b15_300_115_.png,1
t_b15_342_100_.png,1
t_b15_354_77_.png,1
t_b15_481_66_.png,1
t_b15_315_106_.png,1
t_b15_505_107_.png,1
t_b15_478_42_.png,1
t_b15_455_37_.png,1
t_b15_486_151_.png,1
t_b3_50_344_.png,1
t_b15_491_149_.png,1
t_b12_257_218_.png,1
t_b15_450_96_.png,1
t_b12_41_564_.png,1
t_b12_256_225_.png,1
t_b15_327_102_.png,1
t_b13_95_525_.png,1
t_b3_44_348_.png,1
t_b15_442_125_.png,1
t_b10_410_176_.png,1
t_b15_503_49_.png,1
t_b13_42_515_.png,1
t_b14_422_244_.png,1
t_b15_295_67_.png,1
t_b15_349_106_.png,1
t_b15_345_80_.png,1
t_b10_229_254_.png,1
t_b10_408_177_.png,1
t_b15_349_132_.png,1
t_b10_230_259_.png,1
t_b15_429_96_.png,1
t_b15_325_39_.png,1
t_b13_21_530_.png,1
t_b15_419_142_.png,1
t_b10_251_247_.png,1
t_b12_215_249_.png,1
t_b10_397_159_.png,1
t_b12_101_573_.png,1
t_b13_61_510_.png,1
t_b3_48_348_.png,1
t_b3_69_319_.png,1
t_b15_498_158_.png,1
t_b12_107_531_.png,1
t_b13_88_518_.png,1
t_b15_484_121_.png,1
t_b13_25_507_.png,1
t_b15_319_105_.png,1
t_b12_56_559_.png,1
t_b12_34_551_.png,1
t_b15_486_40_.png,1
t_b15_311_122_.png,1
t_b14_430_250_.png,1
t_b15_331_84_.png,1
t_b12_229_230_.png,1
t_b15_428_135_.png,1
t_b15_419_81_.png,1
t_b15_330_150_.png,1
t_b15_322_125_.png,1
t_b15_491_75_.png,1
t_b15_446_60_.png,1
t_b15_294_146_.png,1
t_b15_462_128_.png,1
t_b15_458_140_.png,1
t_b10_247_256_.png,1
t_b15_445_42_.png,1
t_b10_266_242_.png,1
t_b12_257_228_.png,1
t_b13_20_533_.png,1
t_b14_413_241_.png,1
t_b15_503_144_.png,1
t_b12_117_553_.png,1
t_b15_500_150_.png,1
t_b15_305_97_.png,1
t_b15_288_99_.png,1
t_b10_240_265_.png,1
t_b15_441_70_.png,1
t_b15_292_124_.png,1
t_b4_107_486_.png,1
t_b15_354_130_.png,1
t_b8_119_40_.png,1
t_b12_70_574_.png,1
t_b15_478_67_.png,1
t_b15_297_116_.png,1
t_b14_434_237_.png,1
t_b15_420_68_.png,1
t_b3_53_339_.png,1
t_b15_441_152_.png,1
t_b12_184_274_.png,1
t_b15_446_146_.png,1
t_b15_303_126_.png,1
t_b13_23_511_.png,1
t_b10_240_238_.png,1
t_b12_28_553_.png,1
t_b14_437_241_.png,1
t_b15_316_97_.png,1
t_b12_204_236_.png,1
t_b15_416_71_.png,1
t_b10_272_255_.png,1
t_b11_231_280_.png,1
t_b15_295_112_.png,1
t_b15_495_82_.png,1
t_b4_117_484_.png,1
t_b12_78_567_.png,1
t_b14_416_236_.png,1
t_b15_277_132_.png,1
t_b12_100_541_.png,1
t_b12_33_520_.png,1
t_b15_428_123_.png,1
t_b3_84_353_.png,1
t_b15_300_82_.png,1
t_b15_334_109_.png,1
t_b12_210_253_.png,1
t_b15_435_77_.png,1
t_b15_310_97_.png,1
t_b12_251_238_.png,1
t_b15_480_141_.png,1
t_b10_259_227_.png,1
t_b15_443_55_.png,1
t_b10_261_263_.png,1
t_b15_433_72_.png,1
t_b15_325_125_.png,1
t_b15_414_112_.png,1
t_b15_434_135_.png,1
t_b15_468_42_.png,1
t_b10_230_264_.png,1
t_b15_495_120_.png,1
t_b12_76_565_.png,1
t_b12_189_249_.png,1
t_b15_337_116_.png,1
t_b12_99_538_.png,1
t_b15_359_79_.png,1
t_b15_426_86_.png,1
t_b12_18_539_.png,1
t_b10_397_160_.png,1
t_b15_361_119_.png,1
t_b15_466_62_.png,1
t_b15_339_62_.png,1
t_b8_117_37_.png,1
t_b7_107_237_.png,1
t_b13_212_251_.png,1
t_b15_428_154_.png,1
t_b15_316_68_.png,1
t_b12_70_562_.png,1
t_b15_294_115_.png,1
t_b7_121_211_.png,1
t_b15_282_58_.png,1
t_b15_469_113_.png,1
t_b10_253_266_.png,1
t_b12_82_522_.png,1
t_b12_252_218_.png,1
t_b12_21_561_.png,1
t_b12_79_553_.png,1
t_b5_225_386_.png,1
t_b15_299_99_.png,1
t_b6_240_329_.png,1
t_b15_500_45_.png,1
t_b15_428_60_.png,1
t_b6_243_321_.png,1
t_b15_491_52_.png,1
t_b15_466_86_.png,1
t_b15_453_161_.png,1
t_b10_226_276_.png,1
t_b15_270_102_.png,1
t_b12_22_575_.png,1
t_b15_444_100_.png,1
t_b11_231_281_.png,1
t_b13_32_524_.png,1
t_b11_225_276_.png,1
t_b15_517_102_.png,1
t_b12_60_552_.png,1
t_b3_86_344_.png,1
t_b10_393_179_.png,1
t_b7_109_216_.png,1
t_b15_518_100_.png,1
t_b15_289_131_.png,1
t_b15_444_62_.png,1
t_b15_347_61_.png,1
t_b14_419_224_.png,1
t_b15_308_129_.png,1
t_b15_294_90_.png,1
t_b10_386_192_.png,1
t_b10_231_283_.png,1
t_b15_339_133_.png,1
t_b15_327_119_.png,1
t_b15_301_117_.png,1
t_b15_361_71_.png,1
t_b15_348_144_.png,1
t_b15_326_114_.png,1
t_b15_293_54_.png,1
t_b15_435_52_.png,1
t_b15_489_139_.png,1
t_b15_290_106_.png,1
t_b12_35_577_.png,1
t_b12_214_247_.png,1
t_b11_239_276_.png,1
t_b13_48_533_.png,1
t_b15_415_73_.png,1
t_b15_438_71_.png,1
t_b13_48_529_.png,1
t_b12_62_511_.png,1
t_b15_333_146_.png,1
t_b15_288_131_.png,1
t_b13_42_517_.png,1
t_b15_511_107_.png,1
t_b13_35_520_.png,1
t_b13_28_505_.png,1
t_b5_217_397_.png,1
t_b15_301_151_.png,1
t_b3_76_331_.png,1
t_b15_503_142_.png,1
t_b15_523_119_.png,1
t_b15_457_112_.png,1
t_b15_495_49_.png,1
t_b13_24_515_.png,1
t_b15_469_93_.png,1
t_b12_253_234_.png,1
t_b10_388_158_.png,1
t_b3_63_326_.png,1
t_b15_281_94_.png,1
t_b15_496_147_.png,1
t_b4_131_479_.png,1
t_b15_302_106_.png,1
t_b7_298_88_.png,1
t_b15_507_117_.png,1
t_b10_415_179_.png,1
t_b10_239_266_.png,1
t_b5_221_401_.png,1
t_b15_322_159_.png,1
t_b3_80_344_.png,1
t_b12_102_564_.png,1
t_b15_518_105_.png,1
t_b10_390_193_.png,1
t_b15_471_89_.png,1
t_b12_53_516_.png,1
t_b13_44_526_.png,1
t_b13_82_529_.png,1
t_b13_19_524_.png,1
t_b10_271_243_.png,1
t_b15_351_82_.png,1
t_b12_25_525_.png,1
t_b8_109_41_.png,1
t_b10_254_266_.png,1
t_b15_287_81_.png,1
t_b12_201_244_.png,1
t_b15_291_78_.png,1
t_b10_271_239_.png,1
t_b15_274_105_.png,1
t_b12_46_562_.png,1
t_b15_495_78_.png,1
t_b12_111_562_.png,1
t_b15_465_104_.png,1
t_b15_497_112_.png,1
t_b6_231_328_.png,1
t_b15_498_120_.png,1
t_b12_34_579_.png,1
t_b15_351_57_.png,1
t_b15_419_135_.png,1
t_b15_476_51_.png,1
t_b4_118_484_.png,1
t_b14_432_238_.png,1
t_b7_107_226_.png,1
t_b3_47_336_.png,1
t_b15_445_85_.png,1
t_b15_507_141_.png,1
t_b12_110_547_.png,1
t_b15_416_93_.png,1
t_b15_519_128_.png,1
t_b3_42_337_.png,1
t_b12_47_532_.png,1
t_b12_57_545_.png,1
t_b15_306_149_.png,1
t_b14_430_221_.png,1
t_b15_446_122_.png,1
t_b10_253_235_.png,1
t_b14_433_230_.png,1
t_b12_105_562_.png,1
t_b12_95_557_.png,1
t_b10_250_265_.png,1
t_b6_236_331_.png,1
t_b11_230_276_.png,1
t_b5_217_388_.png,1
t_b6_129_472_.png,1
t_b12_186_255_.png,1
t_b10_417_160_.png,1
t_b10_408_149_.png,1
t_b15_294_60_.png,1
t_b15_519_100_.png,1
t_b15_435_82_.png,1
t_b13_25_495_.png,1
t_b15_443_57_.png,1
t_b10_235_242_.png,1
t_b10_389_193_.png,1
t_b15_416_107_.png,1
t_b14_443_242_.png,1
t_b12_255_231_.png,1
t_b15_511_108_.png,1
t_b3_76_328_.png,1
t_b15_442_132_.png,1
t_b15_346_57_.png,1
t_b15_315_129_.png,1
t_b11_228_290_.png,1
t_b15_329_116_.png,1
t_b10_263_233_.png,1
t_b10_221_275_.png,1
t_b10_409_168_.png,1
t_b15_299_162_.png,1
t_b12_104_581_.png,1
t_b14_419_253_.png,1
t_b15_466_123_.png,1
t_b3_67_350_.png,1
t_b12_36_530_.png,1
t_b12_55_544_.png,1
t_b15_437_107_.png,1
t_b12_262_240_.png,1
t_b10_259_246_.png,1
t_b13_92_531_.png,1
t_b15_291_130_.png,1
t_b15_295_110_.png,1
t_b3_64_326_.png,1
t_b15_442_147_.png,1
t_b15_287_65_.png,1
t_b12_17_559_.png,1
t_b12_98_554_.png,1
t_b12_254_227_.png,1
t_b13_45_518_.png,1
t_b15_357_118_.png,1
t_b12_82_573_.png,1
t_b12_79_563_.png,1
t_b15_480_43_.png,1
t_b15_505_150_.png,1
t_b15_426_103_.png,1
t_b4_128_474_.png,1
t_b10_417_175_.png,1
t_b15_428_150_.png,1
t_b15_424_142_.png,1
t_b15_431_134_.png,1
t_b15_438_107_.png,1
t_b11_233_275_.png,1
t_b15_333_160_.png,1
t_b15_316_69_.png,1
t_b15_492_71_.png,1
t_b3_71_344_.png,1
t_b15_282_75_.png,1
t_b15_434_153_.png,1
t_b15_287_115_.png,1
t_b15_427_60_.png,1
t_b12_209_251_.png,1
t_b15_308_69_.png,1
t_b3_43_345_.png,1
t_b15_449_43_.png,1
t_b15_493_48_.png,1
t_b15_300_50_.png,1
t_b15_472_69_.png,1
t_b10_264_253_.png,1
t_b15_459_53_.png,1
t_b10_393_199_.png,1
t_b12_64_548_.png,1
t_b15_457_77_.png,1
t_b15_337_128_.png,1
t_b12_18_564_.png,1
t_b15_417_68_.png,1
t_b15_503_143_.png,1
t_b12_213_247_.png,1
t_b15_301_92_.png,1
t_b15_289_147_.png,1
t_b15_342_59_.png,1
t_b15_315_165_.png,1
t_b15_452_113_.png,1
t_b13_46_516_.png,1
t_b15_512_142_.png,1
t_b15_458_145_.png,1
t_b3_76_313_.png,1
t_b3_72_323_.png,1
t_b15_289_143_.png,1
t_b12_203_238_.png,1
t_b13_42_521_.png,1
t_b15_506_140_.png,1
t_b15_468_55_.png,1
t_b3_76_337_.png,1
t_b15_418_123_.png,1
t_b13_208_261_.png,1
t_b12_46_555_.png,1
t_b12_50_544_.png,1
t_b15_478_97_.png,1
t_b3_78_344_.png,1
t_b15_519_130_.png,1
t_b12_106_544_.png,1
t_b13_20_506_.png,1
t_b4_115_485_.png,1
t_b13_36_521_.png,1
t_b15_415_99_.png,1
t_b3_75_334_.png,1
t_b15_421_132_.png,1
t_b7_121_215_.png,1
t_b4_140_482_.png,1
t_b15_439_138_.png,1
t_b15_487_146_.png,1
t_b12_44_555_.png,1
t_b12_39_551_.png,1
t_b15_439_105_.png,1
t_b12_55_530_.png,1
t_b4_138_493_.png,1
t_b15_451_135_.png,1
t_b15_453_80_.png,1
t_b12_43_561_.png,1
t_b12_35_551_.png,1
t_b3_86_336_.png,1
t_b15_323_144_.png,1
t_b15_497_102_.png,1
t_b14_438_248_.png,1
t_b15_457_46_.png,1
t_b13_41_537_.png,1
t_b12_61_520_.png,1
t_b13_40_531_.png,1
t_b15_333_81_.png,1
t_b13_107_528_.png,1
t_b15_337_124_.png,1
t_b12_21_565_.png,1
t_b15_497_126_.png,1
t_b12_57_530_.png,1
t_b14_434_248_.png,1
t_b14_414_234_.png,1
t_b15_286_78_.png,1
t_b15_321_160_.png,1
t_b15_414_108_.png,1
t_b7_111_219_.png,1
t_b15_454_122_.png,1
t_b15_437_153_.png,1
t_b12_70_570_.png,1
t_b15_326_164_.png,1
t_b4_142_489_.png,1
t_b15_486_42_.png,1
t_b15_349_111_.png,1
t_b15_441_55_.png,1
t_b15_306_147_.png,1
t_b12_95_559_.png,1
t_b12_109_570_.png,1
t_b10_250_268_.png,1
t_b15_278_64_.png,1
t_b10_386_176_.png,1
t_b12_41_516_.png,1
t_b10_231_244_.png,1
t_b9_169_74_.png,1
t_b10_243_255_.png,1
t_b10_416_185_.png,1
t_b15_333_125_.png,1
t_b4_112_494_.png,1
t_b12_45_518_.png,1
t_b15_497_143_.png,1
t_b15_496_148_.png,1
t_b15_468_32_.png,1
t_b15_297_154_.png,1
t_b15_467_79_.png,1
t_b6_233_314_.png,1
t_b12_230_239_.png,1
t_b15_280_130_.png,1
t_b14_443_236_.png,1
t_b15_414_99_.png,1
t_b8_108_53_.png,1
t_b15_521_127_.png,1
t_b15_485_103_.png,1
t_b15_317_60_.png,1
t_b13_34_524_.png,1
t_b15_323_102_.png,1
t_b13_102_534_.png,1
t_b15_427_149_.png,1
t_b12_49_526_.png,1
t_b15_308_110_.png,1
t_b15_486_53_.png,1
t_b15_520_101_.png,1
t_b10_265_225_.png,1
t_b3_88_340_.png,1
t_b12_94_524_.png,1
t_b12_98_580_.png,1
t_b15_485_74_.png,1
t_b12_208_248_.png,1
t_b15_320_74_.png,1
t_b15_276_68_.png,1
t_b15_433_153_.png,1
t_b15_439_71_.png,1
t_b12_246_219_.png,1
t_b14_421_246_.png,1
t_b12_76_576_.png,1
t_b10_405_191_.png,1
t_b15_496_55_.png,1
t_b15_423_100_.png,1
t_b15_271_103_.png,1
t_b12_27_558_.png,1
t_b12_94_545_.png,1
t_b12_49_558_.png,1
t_b15_435_59_.png,1
t_b7_294_101_.png,1
t_b7_107_233_.png,1
t_b12_101_563_.png,1
t_b15_324_141_.png,1
t_b7_104_233_.png,1
t_b12_108_565_.png,1
t_b12_93_540_.png,1
t_b15_489_68_.png,1
t_b3_70_324_.png,1
t_b15_462_48_.png,1
t_b6_245_324_.png,1
t_b15_474_33_.png,1
t_b10_261_258_.png,1
t_b13_50_517_.png,1
t_b6_240_319_.png,1
t_b15_463_122_.png,1
t_b12_106_554_.png,1
t_b15_318_152_.png,1
t_b14_435_231_.png,1
t_b15_489_131_.png,1
t_b15_317_140_.png,1
t_b15_474_39_.png,1
t_b12_49_510_.png,1
t_b15_328_47_.png,1
t_b10_388_191_.png,1
t_b13_32_517_.png,1
t_b3_59_331_.png,1
t_b12_211_235_.png,1
t_b12_226_251_.png,1
t_b15_276_80_.png,1
t_b15_431_67_.png,1
t_b15_430_144_.png,1
t_b4_122_492_.png,1
t_b3_48_319_.png,1
t_b12_99_561_.png,1
t_b10_219_248_.png,1
t_b15_300_62_.png,1
t_b5_222_396_.png,1
t_b15_500_152_.png,1
t_b15_272_95_.png,1
t_b12_52_513_.png,1
t_b15_437_159_.png,1
t_b15_442_55_.png,1
t_b12_74_553_.png,1
t_b15_467_127_.png,1
t_b10_239_247_.png,1
t_b13_44_513_.png,1
t_b13_30_509_.png,1
t_b15_427_95_.png,1
t_b15_491_101_.png,1
t_b12_196_234_.png,1
t_b15_497_61_.png,1
t_b12_18_544_.png,1
t_b12_19_562_.png,1
t_b10_391_195_.png,1
t_b10_372_189_.png,1
t_b15_314_146_.png,1
t_b10_371_194_.png,1
t_b12_114_544_.png,1
t_b10_420_172_.png,1
t_b13_207_252_.png,1
t_b15_326_127_.png,1
t_b15_480_144_.png,1
t_b15_514_67_.png,1
t_b12_80_558_.png,1
t_b15_352_64_.png,1
t_b15_508_91_.png,1
t_b10_432_171_.png,1
t_b15_443_85_.png,1
t_b12_42_531_.png,1
t_b12_190_244_.png,1
t_b8_116_49_.png,1
